City_ID,City,Lat,Lng,Max Temp,Humidity,Cloudiness,Wind Speed,Country,Date
0,escuintla,14.305,-90.785,26.43,97,100,0.71,GT,1727420920
1,okha,53.5739,142.9478,11.38,75,100,3.79,RU,1727420921
2,ola,59.5833,151.2833,7.03,85,57,3.14,RU,1727420922
3,hawaiian paradise park,19.5933,-154.9731,22.73,96,100,2.06,US,1727420924
4,walvis bay,-22.9575,14.5053,14.49,75,85,4.08,NA,1727420925
5,port-aux-francais,-49.35,70.2167,3.33,75,88,15.36,TF,1727420926
6,invercargill,-46.4,168.35,6.68,92,97,1.34,NZ,1727420928
7,bethel,41.3712,-73.414,18.06,89,100,0.45,US,1727420929
8,kone,-21.0595,164.8658,23.14,67,99,1.21,NC,1727420930
9,iqaluit,63.7506,-68.5145,3.72,93,100,1.35,CA,1727420931
10,tiksi,71.6872,128.8694,1.29,99,100,3.42,RU,1727420933
11,adamstown,-25.066,-130.1015,21.17,91,13,4.16,PN,1727420934
12,ribeira grande,38.5167,-28.7,23.22,88,75,6.71,PT,1727420935
13,edinburgh of the seven seas,-37.0676,-12.3116,11.76,86,100,7.47,SH,1727420937
14,waitangi,-43.9535,-176.5597,8.23,75,7,6.71,NZ,1727420938
15,fort bragg,35.139,-79.006,25.11,96,100,3.6,US,1727420939
16,arawa,-6.2132,155.5367,27.27,87,99,1.23,PG,1727420941
17,wailua homesteads,22.0669,-159.378,25.44,72,100,5.66,US,1727420942
18,nova odesa,47.3078,31.7851,22.72,60,54,5.47,UA,1727420943
19,daru,-9.0763,143.2092,26.62,85,100,4.85,PG,1727420945
20,katabu,-4.9333,122.5167,32.36,49,96,1.88,ID,1727420946
21,isafjordur,66.0755,-23.124,3.34,98,100,3.49,IS,1727420947
22,puerto natales,-51.7236,-72.4875,1.74,99,100,2.98,CL,1727420949
23,rio grande,-32.035,-52.0986,15.38,95,100,6.19,BR,1727420950
24,kuta,-8.7233,115.1723,30.97,74,20,5.66,ID,1727420951
25,saipan,15.1355,145.701,28.39,89,75,3.6,MP,1727420874
26,whitehorse,60.7161,-135.0538,0.45,70,8,2.24,CA,1727420765
27,northam,51.0333,-4.2167,10.9,83,100,9.7,GB,1727420955
28,olonkinbyen,70.9221,-8.7187,3.16,85,100,9.82,SJ,1727420956
29,nemuro,43.3236,145.575,16.67,98,100,5.96,JP,1727420872
30,punta arenas,-53.15,-70.9167,3.06,81,0,15.95,CL,1727420959
31,port elizabeth,-33.918,25.5701,19.06,74,5,0.89,ZA,1727420712
32,lazaro cardenas,17.9583,-102.2,25.45,95,100,12.95,MX,1727420961
33,palmer,42.1584,-72.3287,17.51,83,100,0.0,US,1727420963
34,udachny,66.4167,112.4,4.14,57,98,4.06,RU,1727420964
35,san luis de la loma,17.2706,-100.8939,25.42,94,100,4.57,MX,1727420965
36,nili,33.7218,66.1302,24.33,13,0,1.47,AF,1727420967
37,shingu,33.7333,135.9833,25.35,92,100,3.39,JP,1727420969
38,bredasdorp,-34.5322,20.0403,16.91,74,82,1.3,ZA,1727420970
39,bakanas,44.8081,76.2772,14.73,22,0,3.34,KZ,1727420972
40,grand baie,-20.0182,57.5802,27.47,73,9,3.13,MU,1727420973
41,grytviken,-54.2811,-36.5092,-0.36,84,54,5.28,GS,1727420974
42,yellowknife,62.456,-114.3525,6.34,97,100,4.02,CA,1727420976
43,valea lui mihai,47.5167,22.15,22.79,53,35,7.02,RO,1727420977
44,ingeniero jacobacci,-41.3427,-69.5448,6.52,43,60,2.56,AR,1727420978
45,sao geraldo do araguaia,-6.4006,-48.555,28.14,50,95,1.09,BR,1727420979
46,stanley,54.868,-1.6985,8.01,85,75,6.17,GB,1727420956
47,adam,22.3756,57.5233,34.38,33,71,1.06,OM,1727420982
48,monrovia,6.3005,-10.7969,24.87,92,100,3.07,LR,1727420983
49,st. john's,47.5649,-52.7093,11.1,97,75,1.54,CA,1727420985
50,port augusta,-32.5,137.7667,24.96,14,29,5.3,AU,1727420986
51,arvayheer,46.2639,102.775,17.6,23,100,8.27,MN,1727420987
52,kailua-kona,19.6406,-155.9956,24.75,82,100,2.1,US,1727420989
53,perry,37.2506,-83.1999,21.1,98,100,4.65,US,1727420990
54,ushuaia,-54.8,-68.3,-0.95,96,84,1.86,AR,1727420751
55,hasaki,35.7333,140.8333,23.22,97,100,4.35,JP,1727420741
56,hithadhoo,-0.6,73.0833,28.27,74,85,6.87,MV,1727420994
57,nadi,-17.8,177.4167,26.0,65,20,3.09,FJ,1727420960
58,nadym,65.5333,72.5167,5.38,84,100,5.95,RU,1727420997
59,post,33.1909,-101.3782,20.21,55,0,2.37,US,1727420998
60,fomboni,-12.28,43.7425,25.03,70,0,1.52,KM,1727420999
61,remire-montjoly,4.9167,-52.2667,23.02,100,0,0.0,GF,1727421000
62,portland,45.5234,-122.6762,19.07,71,100,1.34,US,1727421003
63,kolwezi,-10.7148,25.4667,26.94,16,2,4.11,CD,1727421007
64,anadyr,64.75,177.4833,2.28,74,100,3.0,RU,1727421008
65,qarauyl,48.9451,79.255,5.14,45,100,5.44,KZ,1727421009
66,luderitz,-26.6481,15.1594,19.16,49,100,6.72,NA,1727421010
67,bhamo,24.2667,97.2333,29.96,65,100,1.03,MM,1727421012
68,alice springs,-23.7,133.8833,26.75,22,5,4.12,AU,1727421013
69,kodiak,57.79,-152.4072,2.73,81,0,1.54,US,1727421014
70,timbuktu,16.7735,-3.0074,32.33,41,0,2.21,ML,1727421015
71,west island,-12.1568,96.8225,27.99,74,100,7.2,CC,1727421017
72,aleg,17.0481,-13.9209,29.08,64,100,3.47,MR,1727421018
73,mutoko,-17.397,32.2268,29.02,15,0,1.31,ZW,1727421019
74,faranah,10.0404,-10.7434,21.17,99,100,1.5,GN,1727421021
75,tosham,28.8833,75.9167,33.4,51,7,3.11,IN,1727420859
76,san isidro,-12.1167,-77.05,16.77,86,100,2.57,PE,1727421023
77,bam,29.106,58.357,32.48,16,0,6.19,IR,1727421024
78,nagqu,31.5,92.0,6.07,81,100,0.46,CN,1727420814
79,tofol,5.3248,163.0078,28.66,73,6,2.3,FM,1727421027
80,afaahiti,-17.75,-149.2833,24.93,82,18,3.56,PF,1727421028
81,codrington,-38.2667,141.9667,13.48,70,1,5.04,AU,1727421030
82,zouerate,22.7187,-12.4521,28.76,41,100,2.78,MR,1727421031
83,college,64.8569,-147.8028,5.81,91,75,3.09,US,1727421032
84,iskateley,67.6803,53.1512,11.53,93,100,8.3,RU,1727421033
85,talnakh,69.4865,88.3972,1.67,94,100,4.18,RU,1727420882
86,saint-philippe,-21.3585,55.7679,25.77,74,44,7.24,RE,1727421036
87,new norfolk,-42.7826,147.0587,14.28,57,60,1.07,AU,1727421037
88,las veredas,23.1388,-109.7075,26.09,69,2,1.98,MX,1727420842
89,nar'yan-mar,67.6713,53.087,11.58,93,100,8.28,RU,1727421040
90,kaliua,-5.0606,31.7936,28.97,29,67,2.92,TZ,1727421041
91,margaret river,-33.95,115.0667,13.86,58,64,8.02,AU,1727421042
92,ain sefra,32.75,-0.5833,22.0,47,8,1.4,DZ,1727421044
93,atafu village,-8.5421,-172.5159,27.19,76,100,7.19,TK,1727421045
94,tamanrasset,22.785,5.5228,26.95,28,40,1.54,DZ,1727421046
95,realico,-35.0366,-64.2447,7.89,32,72,4.21,AR,1727421047
96,qaqortoq,60.7167,-46.0333,3.9,86,44,2.38,GL,1727421049
97,amahai,-3.3333,128.9167,27.08,84,93,2.89,ID,1727421050
98,georgetown,5.4112,100.3354,31.96,62,20,5.14,MY,1727421051
99,albany,42.6001,-73.9662,16.23,83,100,1.11,US,1727421053
100,nova sintra,14.8667,-24.7167,23.99,80,100,3.18,CV,1727421054
101,vyritsa,59.4078,30.3481,15.73,90,100,6.51,RU,1727421055
102,ust-nera,64.5667,143.2,4.41,77,100,2.03,RU,1727421056
103,yigo village,13.5361,144.8886,29.3,79,0,4.63,GU,1727421058
104,santa ana,33.7456,-117.8678,18.27,87,0,1.54,US,1727421059
105,touros,-5.1989,-35.4608,24.17,81,56,5.68,BR,1727421060
106,blackmans bay,-43.0167,147.3167,13.62,58,16,1.95,AU,1727421062
107,puerto ayora,-0.7393,-90.3518,19.19,99,90,0.89,EC,1727421063
108,bac lieu,9.285,105.7244,29.14,72,100,3.0,VN,1727420969
109,fortuna,40.5982,-124.1573,10.51,93,0,0.0,US,1727421066
110,akdepe,42.0551,59.3788,19.22,17,0,8.26,TM,1727421067
111,fisterra,42.9049,-9.2629,14.3,68,15,9.23,ES,1727421069
112,nikolayevsk-on-amure,53.1406,140.73,11.11,94,100,0.73,RU,1727421070
113,chiang saen,20.2751,100.0869,32.67,56,100,1.54,TH,1727421072
114,luziania,-16.2525,-47.9503,20.83,35,0,2.39,BR,1727421074
115,lebu,-37.6167,-73.65,6.35,82,90,2.5,CL,1727421075
116,port mathurin,-19.6833,63.4167,22.29,79,15,7.41,MU,1727421076
117,chibougamau,49.9168,-74.3659,11.06,98,100,1.49,CA,1727421078
118,thinadhoo,0.5333,72.9333,28.2,77,100,6.79,MV,1727420978
119,tadmur,34.5608,38.2805,29.46,23,0,2.67,SY,1727421080
120,n'zeto,-7.2312,12.8666,24.96,76,67,2.14,AO,1727421081
121,utrik,11.2278,169.8474,28.62,78,100,6.94,MH,1727421083
122,enewetak,11.3474,162.3373,29.19,75,100,6.33,MH,1727421084
123,changde,29.0464,111.6783,31.07,37,0,1.99,CN,1727420580
124,port-vila,-17.7338,168.3219,22.78,83,20,2.57,VU,1727421069
125,jatai,-17.8814,-51.7144,27.02,38,100,3.25,BR,1727421088
126,fale old settlement,-9.3852,-171.2468,26.76,74,100,4.84,TK,1727421090
127,kavaratti,10.5669,72.642,27.4,81,100,6.71,IN,1727421091
128,praia da vitoria,38.7333,-27.0667,21.16,79,100,4.68,PT,1727421092
129,rotonda west,26.8837,-82.2901,29.43,85,97,12.27,US,1727421094
130,bintulu,3.1667,113.0333,28.14,76,99,2.24,MY,1727421095
131,las tablas,7.7667,-80.2833,25.65,99,96,1.86,PA,1727421096
132,silver city,32.7701,-108.2803,20.9,43,0,1.34,US,1727421098
133,kievka,50.2619,71.5514,9.99,30,72,4.84,KZ,1727421100
134,emerald,-23.5333,148.1667,30.19,16,0,4.0,AU,1727420895
135,kabanjahe,3.1001,98.4908,23.95,72,100,1.68,ID,1727421099
136,longyearbyen,78.2186,15.6401,-0.09,55,75,9.26,SJ,1727421104
137,guingamp,48.4167,-3.3333,10.97,94,100,7.9,FR,1727421105
138,bilibino,68.0546,166.4372,-3.91,84,98,0.46,RU,1727421107
139,thompson,55.7435,-97.8558,13.09,76,100,11.83,CA,1727421108
140,katsuren-haebaru,26.3369,127.8719,32.21,68,75,8.23,JP,1727421109
141,susuman,62.7833,148.1667,5.04,61,8,1.48,RU,1727421112
142,itaborai,-22.7444,-42.8594,24.78,54,0,1.98,BR,1727421113
143,sao tome,0.3365,6.7273,25.67,85,92,3.78,ST,1727421115
144,tolanaro,-25.0319,46.9987,27.13,63,0,2.63,MG,1727421000
145,sumbe,-11.2061,13.8437,23.27,81,21,1.07,AO,1727421117
146,jamestown,42.097,-79.2353,15.8,95,0,3.09,US,1727421118
147,hamilton,39.1834,-84.5333,20.69,94,100,8.75,US,1727421120
148,petropavlovsk-kamchatsky,53.0452,158.6483,10.33,71,0,3.0,RU,1727421121
149,kimbe,-5.5502,150.1429,28.67,79,48,1.2,PG,1727421125
150,puerto baquerizo moreno,-0.9,-89.6,19.86,88,95,4.29,EC,1727421126
151,jambi city,-1.6,103.6167,30.81,69,99,1.05,ID,1727421127
152,bocas del toro,9.3333,-82.25,24.47,78,100,0.85,PA,1727421128
153,bandarbeyla,9.4942,50.8122,31.53,48,100,11.08,SO,1727421130
154,flying fish cove,-10.4217,105.6791,27.82,74,75,4.63,CX,1727421131
155,rongelap,11.1635,166.8941,28.9,75,100,6.41,MH,1727421132
156,kuala belait,4.5833,114.1833,29.45,67,38,3.13,BN,1727421134
157,pajapan,18.25,-94.7,23.64,95,100,1.37,MX,1727421135
158,fortuna foothills,32.6578,-114.4119,29.71,20,0,2.57,US,1727421137
159,mount isa,-20.7333,139.5,30.87,18,0,4.12,AU,1727421138
160,hermosillo,29.0667,-110.9667,31.03,18,0,0.0,MX,1727420688
161,constantia,44.1833,28.65,23.17,72,0,5.69,RO,1727420874
162,inhambane,-23.865,35.3833,25.73,62,24,5.49,MZ,1727421142
163,bull savanna,17.8868,-77.5902,24.89,90,22,3.04,JM,1727421143
164,keflavik,64.0049,-22.5624,5.24,87,75,1.03,IS,1727421145
165,saint-francois,46.4154,3.9054,14.8,70,100,2.06,FR,1727421146
166,ilulissat,69.2167,-51.1,7.01,61,100,3.09,GL,1727421148
167,geraldton,-28.7667,114.6,19.23,63,75,8.23,AU,1727421046
168,muravlenko,63.7898,74.523,5.27,68,100,6.7,RU,1727421150
169,vadso,70.0744,29.7487,7.09,87,75,5.14,NO,1727421152
170,polyarnyy,69.1989,33.4478,7.3,90,100,5.52,RU,1727421153
171,ponta delgada,37.7333,-25.6667,22.4,78,75,1.54,PT,1727421155
172,aasiaat,68.7098,-52.8699,3.81,81,100,3.24,GL,1727421156
173,port lincoln,-34.7333,135.8667,15.88,56,22,7.35,AU,1727421157
174,tual,-5.6667,132.75,27.76,78,83,6.05,ID,1727421158
175,tauranga,-37.6861,176.1667,12.14,71,100,0.89,NZ,1727421160
176,fasa,28.9383,53.6482,32.46,9,0,1.83,IR,1727421161
177,sanchor,24.7553,71.7722,35.35,43,100,3.48,IN,1727421162
178,yakeshi,49.2833,120.7333,21.34,31,100,4.05,CN,1727421005
179,micheweni,-4.9667,39.8333,27.42,62,15,3.37,TZ,1727421165
180,lake albert,-35.1667,147.3833,17.14,43,0,0.89,AU,1727421166
181,pula,44.8683,13.8481,22.31,88,40,4.63,HR,1727421037
182,tazovsky,67.4667,78.7,2.48,69,100,7.35,RU,1727421169
183,hammerfest,70.6634,23.6821,6.25,75,75,6.17,NO,1727421170
184,roma,43.2128,-75.4557,15.06,99,100,0.0,US,1727421034
185,pacific grove,36.6177,-121.9166,15.24,96,0,2.24,US,1727421173
186,undurkhaan,47.3194,110.6556,16.2,69,100,1.1,MN,1727421174
187,jabor,5.921,169.6434,29.2,71,23,2.23,MH,1727421175
188,hanting,36.7708,119.2108,26.56,36,0,2.47,CN,1727420967
189,pointe aux piments,-20.0628,57.5131,27.51,73,1,8.72,MU,1727421178
190,littlefield,33.9173,-102.3249,18.06,52,0,3.0,US,1727421179
191,turkmenbasy,40.0222,52.9552,22.64,26,5,7.92,TM,1727421181
192,east london,-33.0153,27.9116,18.73,58,0,1.22,ZA,1727420937
193,korla,41.7597,86.1469,22.89,31,100,10.32,CN,1727420921
194,dudinka,69.4058,86.1778,1.48,81,100,6.24,RU,1727421184
195,vila franca do campo,37.7167,-25.4333,22.23,99,72,2.56,PT,1727421186
196,newberry,34.2746,-81.6187,24.53,98,100,9.82,US,1727421187
197,north battleford,52.7834,-108.2847,5.05,70,0,5.66,CA,1727421188
198,gadzhiyevo,69.2551,33.3362,7.14,90,100,5.94,RU,1727421189
199,isangel,-19.55,169.2667,22.56,71,23,4.23,VU,1727421191
200,cassano allo ionio,39.783,16.3182,24.22,53,0,2.81,IT,1727421192
201,camara de lobos,32.6333,-16.9667,22.35,78,20,1.54,PT,1727421193
202,avarua,-21.2078,-159.775,22.03,68,75,1.54,CK,1727421199
203,vilyuysk,63.7553,121.6247,6.99,58,100,2.14,RU,1727421200
204,singaraja,-8.112,115.0882,29.3,73,33,1.81,ID,1727420674
205,port douglas,-16.4833,145.4667,24.94,72,30,2.34,AU,1727421203
206,carnarvon,-24.8667,113.6333,21.61,61,0,7.36,AU,1727421204
207,hope,33.6671,-93.5916,19.03,71,0,2.29,US,1727421205
208,peace river,56.2501,-117.286,11.17,57,100,2.06,CA,1727421207
209,pindushi,62.9152,34.58,14.1,89,100,5.85,RU,1727421208
210,kiunga,-6.1219,141.2906,29.33,77,85,0.9,PG,1727421209
211,nuku'alofa,-21.1333,-175.2,21.19,88,20,2.57,TO,1727421211
212,westport,41.1415,-73.3579,19.14,89,100,4.12,US,1727421212
213,port saint john's,-31.6229,29.5448,20.07,58,14,1.42,ZA,1727421214
214,bathsheba,13.2167,-59.5167,27.34,94,20,3.6,BB,1727421217
215,korinthos,37.9407,22.9573,24.38,50,0,2.1,GR,1727421151
216,uruguaiana,-29.7547,-57.0883,11.94,97,22,2.46,BR,1727421220
217,ebon,4.582,168.6964,29.13,71,21,1.23,MH,1727421221
218,guichon,-32.35,-57.2,8.37,96,2,2.77,UY,1727421223
219,dolinsk,47.35,142.8,13.92,89,51,2.49,RU,1727421074
220,maun,-19.9833,23.4167,30.98,13,0,4.88,BW,1727421226
221,zahedan,29.4963,60.8629,30.95,20,0,4.12,IR,1727421228
222,lihue,21.9789,-159.3672,25.77,73,100,5.66,US,1727421229
223,fort st. john,56.2499,-120.8529,6.14,75,100,0.54,CA,1727420932
224,samraong,12.4526,105.5873,29.08,80,100,0.85,KH,1727421232
225,mubende,0.5606,31.39,26.83,45,70,1.21,UG,1727421233
226,banda aceh,5.5577,95.3222,29.37,70,48,2.54,ID,1727421195
227,wuwei,37.9281,102.6414,27.28,33,100,5.63,CN,1727421238
228,beipiao,41.7919,120.7792,22.6,47,0,4.41,CN,1727421007
229,newport,51.5877,-2.9984,9.57,85,100,10.69,GB,1727421158
230,yuzhno-kurilsk,44.0306,145.8556,16.39,98,100,4.11,RU,1727421242
231,laojunmiao,39.8333,97.7333,20.26,28,13,3.9,CN,1727421244
232,putina,-15.4667,-69.4333,7.25,72,90,3.07,PE,1727421245
233,kaa-khem,51.6833,94.7333,9.91,31,12,4.54,RU,1727421246
234,severo-yeniseyskiy,60.3725,93.0408,3.95,49,100,1.27,RU,1727421248
235,brisas barra de suchiate,14.55,-92.2167,26.94,82,100,5.55,MX,1727421249
236,jwaneng,-24.6004,24.7303,26.68,12,13,3.03,BW,1727421250
237,soligalich,59.0778,42.2864,16.54,39,100,6.17,RU,1727421252
238,jalai nur,49.45,117.7,17.17,50,100,3.95,CN,1727421253
239,vorgashor,67.5833,63.95,10.02,89,100,7.02,RU,1727421254
240,tazacorte,28.629,-17.9293,22.54,86,40,4.12,ES,1727421257
241,sault ste. marie,46.5168,-84.3333,13.31,96,0,1.03,CA,1727421258
242,haiku-pauwela,20.9219,-156.3051,24.59,74,20,3.6,US,1727421259
243,tchibanga,-2.85,11.0333,24.59,83,92,1.23,GA,1727421261
244,la ronge,55.1001,-105.2842,8.12,87,0,2.57,CA,1727421262
245,ancud,-41.8697,-73.8203,7.07,81,100,7.2,CL,1727421127
246,welkenraedt,50.6627,5.9733,12.74,80,45,4.47,BE,1727421265
247,nushki,29.5542,66.0215,31.68,14,0,2.86,PK,1727421266
248,cessnock,-32.8333,151.35,16.19,67,85,3.91,AU,1727421190
249,ammanford,51.7928,-3.9883,9.78,82,100,5.73,GB,1727421268
250,auki,-8.7676,160.7034,27.05,82,100,2.48,SB,1727421270
251,piacabucu,-10.4056,-36.4344,22.5,87,65,3.76,BR,1727421271
252,mejit,10.2753,170.8646,28.58,78,17,6.16,MH,1727421272
253,rajula,21.05,71.4333,24.88,94,100,4.26,IN,1727421274
254,alofi,-19.0595,-169.9187,22.94,78,20,5.66,NU,1727421275
255,ekuvukeni,-28.4675,30.1551,17.8,55,99,0.9,ZA,1727421276
256,i-n-salah,27.1935,2.4607,31.33,26,0,3.99,DZ,1727421277
257,karungdong,5.8844,121.263,29.57,67,16,1.1,PH,1727421279
258,sinabang,2.4803,96.3801,29.76,68,98,2.26,ID,1727421280
259,nevel'sk,46.6733,141.8633,15.45,84,6,3.93,RU,1727421281
260,karratha,-20.7377,116.8463,27.17,50,0,9.42,AU,1727421283
261,barrouallie,13.2333,-61.2667,26.86,78,91,3.63,VC,1727421284
262,marquette,46.5333,-87.6335,16.86,89,0,0.89,US,1727421285
263,coruripe,-10.1256,-36.1756,22.38,86,26,4.0,BR,1727421287
264,masterton,-40.9597,175.6575,9.38,97,100,0.89,NZ,1727421023
265,cockburn town,21.4612,-71.1419,29.27,75,52,7.16,TC,1727421289
266,punta del este,-34.9667,-54.95,12.15,98,75,2.68,UY,1727421290
267,andergrove,-21.0833,149.1833,27.03,80,100,2.95,AU,1727421292
268,colonia,50.9333,6.95,14.42,72,20,5.14,DE,1727421293
269,mozhaysk,55.5019,36.0272,17.01,63,100,7.09,RU,1727421294
270,ostroda,53.6967,19.9649,19.89,74,62,8.19,PL,1727421296
271,zeya,53.75,127.2667,17.91,50,100,4.28,RU,1727421297
272,uturoa,-16.7333,-151.4333,26.55,81,12,3.77,PF,1727421299
273,weno,7.4515,151.8468,29.97,79,100,0.0,FM,1727421300
274,sitka,57.0531,-135.33,8.94,81,100,0.0,US,1727421301
275,las tejerias,10.2524,-67.1847,24.11,93,100,1.35,VE,1727421303
276,soc trang,9.6033,105.98,30.2,68,99,3.15,VN,1727421304
277,balkanabat,39.5108,54.3671,23.65,19,1,4.66,TM,1727421306
278,gao,16.6362,1.637,33.23,31,94,2.77,ML,1727421307
279,lithgow,-33.4833,150.15,6.47,91,51,4.74,AU,1727421308
280,kargasok,59.0556,80.8572,3.33,79,100,3.68,RU,1727421309
281,wad az zaki,14.4619,32.2065,33.49,35,10,3.91,SD,1727421311
282,xilin hot,43.9667,116.0333,21.57,49,98,7.07,CN,1727421312
283,selfoss,63.9331,-20.9971,2.77,80,98,2.42,IS,1727421313
284,mably,46.0862,4.0661,14.7,78,41,3.89,FR,1727421315
285,darwin,-12.4611,130.8418,32.75,55,20,3.6,AU,1727420863
286,mumford,5.2618,-0.759,24.54,89,99,2.9,GH,1727421317
287,igarka,67.4667,86.5833,3.17,78,100,4.54,RU,1727421318
288,papatowai,-46.5619,169.4708,6.38,82,100,5.26,NZ,1727421320
289,charters towers,-20.1,146.2667,31.03,27,86,4.16,AU,1727421321
290,pisco,-13.7,-76.2167,17.03,82,100,2.57,PE,1727421166
291,huetamo de nunez,18.5833,-100.8833,21.65,99,100,0.89,MX,1727421323
292,yaren,-0.5472,166.916,28.49,66,96,2.35,NR,1727421325
293,tsetserleg,47.475,101.4542,6.75,74,100,1.84,MN,1727421280
294,saint-pierre,-21.3393,55.4781,26.82,61,75,4.12,RE,1727421327
295,esfarayen,37.0765,57.5101,18.81,40,0,1.82,IR,1727421329
296,marsh harbour,26.5412,-77.0636,28.88,83,100,11.18,BS,1727421330
297,saryozek,44.3583,77.9753,10.62,25,0,7.51,KZ,1727421331
298,lisala,2.15,21.5167,26.47,73,78,1.19,CD,1727421333
299,talcahuano,-36.7167,-73.1167,6.82,93,73,1.03,CL,1727421295
300,raja,8.4596,25.678,26.5,71,64,1.83,SS,1727421338
301,cova figueira,14.8905,-24.2934,23.99,85,100,1.45,CV,1727421340
302,brisas de zicatela,15.8369,-97.0419,24.84,85,100,1.63,MX,1727421341
303,sao joao da barra,-21.6403,-41.0511,21.9,83,0,8.51,BR,1727421342
304,crane,31.3974,-102.3501,21.8,47,0,4.03,US,1727421343
305,espumoso,-28.7247,-52.8497,14.63,95,94,2.83,BR,1727421345
306,la'ie,21.6477,-157.9253,25.98,79,93,2.24,US,1727421346
307,belmonte,-15.8631,-38.8828,23.16,75,41,2.76,BR,1727421348
308,sabang,5.8933,95.3214,28.68,70,14,2.32,ID,1727420955
309,bodo,67.28,14.405,4.87,93,20,2.57,NO,1727421318
310,kolyshley,52.7005,44.5367,17.53,23,100,6.95,RU,1727421351
311,varennes-vauzelles,47.0168,3.1404,11.44,87,100,3.09,FR,1727421353
312,viedma,-40.8135,-62.9967,12.41,28,82,8.8,AR,1727421354
313,mil'kovo,55.6078,37.7956,18.27,56,100,8.93,RU,1727421355
314,baiti,13.745,-14.7482,23.74,97,100,1.95,SN,1727421356
315,torghay,49.6339,63.4981,15.31,29,5,2.0,KZ,1727421358
316,khao wong,16.7001,104.0902,31.0,68,99,0.97,TH,1727421359
317,suntar,62.1444,117.6319,8.06,58,68,4.13,RU,1727421360
318,rufino,-34.2683,-62.7126,8.13,49,100,3.87,AR,1727421361
319,ketchikan,55.3422,-131.6461,9.26,93,100,3.6,US,1727421363
320,novyy urgal,51.0736,132.5642,16.5,49,24,1.52,RU,1727421364
321,port alfred,-33.5906,26.891,20.66,73,9,0.45,ZA,1727421365
322,yelizovo,53.1873,158.3805,10.08,76,0,2.0,RU,1727421367
323,samana,19.2056,-69.3369,26.21,89,100,1.62,DO,1727421368
324,gunjur,13.2019,-16.7339,24.04,94,75,1.54,GM,1727421369
325,dhidhdhoo,6.8833,73.1,27.7,79,55,7.34,MV,1727421371
326,kavieng,-2.5744,150.7967,29.09,69,98,0.42,PG,1727421372
327,boguchany,58.3814,97.4531,3.15,73,100,3.23,RU,1727421373
328,starkville,33.4504,-88.8184,18.71,82,0,2.57,US,1727421307
329,hawassa,7.05,38.4667,21.44,70,100,3.17,ET,1727421376
330,rolla,37.9514,-91.7713,16.64,84,0,3.09,US,1727421094
331,wynyard,-41.0,145.7167,16.22,64,95,3.24,AU,1727421378
332,howard springs,-12.497,131.047,33.26,52,22,3.92,AU,1727421379
333,hotan,37.0997,79.9269,28.85,16,42,4.22,CN,1727421381
334,shimoda,34.6667,138.95,24.2,93,100,7.05,JP,1727421382
335,guayaramerin,-10.8368,-65.3614,23.21,82,97,1.09,BO,1727421226
336,san andres,12.5847,-81.7006,29.01,84,20,2.57,CO,1727421387
337,sinan,34.8262,126.1086,26.06,68,3,7.73,KR,1727421388
338,awjilah,29.1081,21.2869,25.88,56,0,4.25,LY,1727421390
339,ilhabela,-23.7781,-45.3581,21.61,91,53,4.31,BR,1727421391
340,island harbour,50.724,-1.2758,10.68,92,100,4.47,GB,1727421393
341,taoudenni,22.6783,-3.9836,32.53,33,99,4.7,ML,1727421394
342,sandnessjoen,66.0217,12.6316,6.06,87,75,1.03,NO,1727421395
343,la passe,45.5549,-0.8967,14.99,73,100,10.87,FR,1727421397
344,litchfield,41.7668,-73.2501,16.59,97,100,0.6,US,1727421398
345,ambalangoda,6.2355,80.0538,28.07,78,99,7.16,LK,1727421400
346,santiago de cao,-7.9589,-79.2392,16.07,94,75,4.12,PE,1727421401
347,scappoose,45.7543,-122.8776,18.95,74,100,0.0,US,1727421402
348,fristad,65.2,16.7167,3.95,84,13,1.85,SE,1727421403
349,bamyan,34.75,67.25,14.58,25,0,3.22,AF,1727421405
350,al fuwayliq,26.4432,43.2534,34.25,17,8,3.9,SA,1727421406
351,aykhal,66.0,111.5,2.45,59,100,4.42,RU,1727421407
352,zhangye,38.9342,100.4517,26.14,21,8,4.34,CN,1727421409
353,williams lake,52.1415,-122.1445,9.47,69,0,8.23,CA,1727421410
354,erenhot,43.6475,111.9767,23.49,49,87,4.91,CN,1727421411
355,belyy yar,53.6039,91.3903,6.94,45,0,2.0,RU,1727421412
356,moussoro,13.6408,16.4901,30.93,44,12,2.77,TD,1727421415
357,sibolga,1.7427,98.7792,30.04,73,99,2.59,ID,1727421171
358,klyuchi,52.2667,79.1667,8.55,40,99,4.41,RU,1727421418
359,novyy urengoy,66.0833,76.6333,2.83,64,100,6.63,RU,1727421419
360,lodja,-3.4833,23.4333,29.33,54,97,1.12,CD,1727421420
361,siwa oasis,29.2041,25.5195,26.37,49,0,2.66,EG,1727421421
362,berdigestyakh,62.0989,126.6992,2.17,98,100,3.82,RU,1727421423
363,tadine,-21.55,167.8833,22.26,67,89,4.79,NC,1727421424
364,dalandzadgad,43.5708,104.425,23.02,33,31,1.55,MN,1727421425
365,beau vallon,-20.4189,57.6953,27.34,69,75,7.2,MU,1727421428
366,nuuk,64.1835,-51.7216,6.34,75,100,1.03,GL,1727421429
367,leava,-14.3,-178.1667,26.44,74,100,10.04,WF,1727421430
368,kangding,30.0513,101.9603,21.7,68,54,2.52,CN,1727421204
369,veinticinco de mayo,-35.4323,-60.1727,7.77,76,5,0.45,AR,1727421434
370,fort mcmurray,56.7268,-111.381,4.73,75,75,1.54,CA,1727421438
371,komusan il-tong,42.1092,129.7,19.79,55,27,1.94,KP,1727421439
372,kirensk,57.7853,108.1119,8.56,40,100,1.29,RU,1727421440
373,praia,14.9215,-23.5087,24.3,94,100,4.12,CV,1727421170
374,puerto aysen,-45.4,-72.7,2.52,98,93,2.04,CL,1727421443
375,plouguerneau,48.6,-4.5,13.56,87,100,11.32,FR,1727421444
376,mao,39.8885,4.2658,23.31,94,0,1.54,ES,1727421445
377,ares,-6.1944,-35.1603,22.05,90,49,3.45,BR,1727421447
378,vilyuchinsk,52.9306,158.4028,10.15,79,100,1.54,RU,1727421448
379,rikaze,29.25,88.8833,14.37,50,99,1.9,CN,1727421425
380,novodvinsk,64.4165,40.8122,14.86,87,100,4.13,RU,1727421202
381,ixtapa,20.7,-105.2,28.57,100,75,0.0,MX,1727421453
382,halifax,44.6453,-63.5724,14.69,94,100,1.34,CA,1727421235
383,tabou,4.423,-7.3528,24.29,91,100,3.26,CI,1727421456
384,bima,-8.4667,118.7167,32.95,49,79,1.93,ID,1727421457
385,badger,64.8,-147.5333,5.76,92,100,3.09,US,1727421458
386,kamina,-8.7386,24.9906,30.69,24,7,1.45,CD,1727421459
387,douz,33.4663,9.0203,28.91,33,13,2.17,TN,1727421462
388,tolland,41.8501,-72.3495,17.13,96,100,1.54,US,1727421464
389,winnemucca,40.973,-117.7357,8.03,57,0,3.6,US,1727421465
390,churapcha,62.0025,132.4325,10.41,82,100,6.03,RU,1727421466
391,obo,5.3998,26.4869,26.51,71,10,0.15,CF,1727421468
392,margate,51.3813,1.3862,11.61,84,100,0.45,GB,1727421469
393,colesberg,-30.72,25.0972,15.42,32,60,1.94,ZA,1727421470
394,namibe,-15.1961,12.1522,21.45,82,100,3.06,AO,1727421472
395,swakopmund,-22.6833,14.5333,15.47,85,22,2.24,NA,1727421473
396,tan-tan,28.438,-11.1032,21.97,83,75,5.14,MA,1727421474
397,puerto carreno,6.189,-67.4859,24.73,89,100,1.98,CO,1727421475
398,hermanus,-34.4187,19.2345,14.33,84,71,2.93,ZA,1727421189
399,oropesa del mar,40.1,0.15,24.39,53,64,2.34,ES,1727421478
400,tinajo,29.0788,-13.7081,21.49,83,75,3.6,ES,1727421482
401,smithers,54.7804,-127.1743,5.18,100,100,2.06,CA,1727421483
402,aswan,24.0934,32.907,33.58,23,4,4.4,EG,1727421484
403,tromso,69.6496,18.957,5.01,75,75,4.12,NO,1727421485
404,shangqiu,34.45,115.65,25.23,61,73,3.6,CN,1727421487
405,springfield,37.2153,-93.2982,14.9,87,0,2.68,US,1727421488
406,bengkulu,-3.8004,102.2655,34.55,70,22,7.09,ID,1727421016
407,kyren,51.6828,102.1408,5.65,79,100,1.11,RU,1727421493
408,insar,53.8653,44.3738,18.23,22,8,7.52,RU,1727421494
409,nishinoomote,30.7333,131.0,28.31,74,20,3.6,JP,1727421495
410,happy valley-goose bay,53.3168,-60.3315,6.17,87,20,2.57,CA,1727421496
411,the pas,53.8251,-101.2541,10.01,76,0,5.61,CA,1727421498
412,kingston,17.997,-76.7936,26.2,88,12,1.11,JM,1727421499
413,ploneour-lanvern,47.9,-4.2833,12.18,94,75,9.77,FR,1727421500
414,kurchatov,51.6601,35.6521,19.23,45,100,8.84,RU,1727421501
415,vila velha,-20.3297,-40.2925,23.97,81,40,4.12,BR,1727421503
416,midvagur,62.0511,-7.1939,5.46,65,75,10.29,FO,1727421504
417,tanjung selor,2.8372,117.3642,32.33,57,26,1.85,ID,1727421505
418,yerofey pavlovich,53.9667,121.9667,12.16,73,100,1.93,RU,1727421506
419,sao jose da coroa grande,-8.8978,-35.1478,23.43,85,63,4.01,BR,1727421508
420,pokachi,61.7198,75.3683,5.25,58,100,3.72,RU,1727421509
421,flin flon,54.7682,-101.865,10.95,70,40,5.2,CA,1727421510
422,phang nga,8.4509,98.5298,32.02,59,65,1.41,TH,1727421512
423,dhanwar,24.4167,85.9833,29.61,70,82,6.1,IN,1727421513
424,caluula,11.9661,50.7569,30.74,67,12,3.76,SO,1727421514
425,quellon,-43.1167,-73.6167,5.03,88,100,5.46,CL,1727421389
426,kapa'a,22.0752,-159.319,26.18,73,100,5.66,US,1727421517
427,veraval,20.9,70.3667,26.1,90,100,5.08,IN,1727421518
428,sokoni,-6.4333,39.55,28.92,70,81,3.93,TZ,1727421519
429,puga,21.5833,-104.8167,21.3,96,100,0.6,MX,1727421521
430,mangrol,21.1167,70.1167,26.19,90,100,5.48,IN,1727421522
431,caidian,30.5833,114.0333,32.07,34,0,2.68,CN,1727421523
432,palikir - national government center,6.9248,158.1611,29.41,74,40,1.03,FM,1727421524
433,pointe michel,15.25,-61.3833,28.16,80,73,6.28,DM,1727421528
434,la jolla,32.8473,-117.2742,18.04,91,100,2.57,US,1727421529
435,znamenskoye,57.1281,73.8282,7.64,62,100,2.48,RU,1727421530
436,mata-utu,-13.2816,-176.1745,26.88,83,12,10.09,WF,1727421531
437,jieshi,22.8134,115.8257,29.6,76,48,5.7,CN,1727421534
438,kerema,-7.9631,145.7785,27.45,84,66,2.97,PG,1727421535
439,jasrasar,28.298,74.8093,34.16,45,0,2.63,IN,1727421536
440,zelenoborskiy,66.845,32.3622,6.48,80,100,2.9,RU,1727421538
441,usinsk,65.9939,57.5281,12.65,82,100,10.41,RU,1727421539
442,broken hill,-31.95,141.4333,19.21,26,0,4.81,AU,1727421367
443,malango,-2.9627,119.9001,28.57,53,49,2.66,ID,1727421541
444,murmashi,68.8154,32.8115,6.23,87,75,4.0,RU,1727421543
445,ryotsu-minato,38.0833,138.4333,23.35,69,95,6.1,JP,1727421517
446,novoishimskiy,53.1981,66.7694,15.22,47,78,6.59,KZ,1727421545
447,maragogi,-9.0122,-35.2225,23.05,87,35,3.79,BR,1727421547
448,naze,28.3667,129.4833,27.51,78,20,4.85,JP,1727421548
449,chonchi,-42.6128,-73.8092,7.29,92,100,2.1,CL,1727421549
450,bhag,29.0415,67.8239,40.96,18,0,0.61,PK,1727421551
451,san antonio de pale,-1.4014,5.6325,25.08,85,80,5.68,GQ,1727421552
452,najran,17.4924,44.1277,31.36,16,100,4.37,SA,1727421553
453,kapuskasing,49.4169,-82.4331,8.05,100,0,1.54,CA,1727421554
454,pavlovsk,50.4578,40.1081,18.6,28,63,8.02,RU,1727421556
455,valparaiso,-33.0393,-71.6273,6.8,93,0,1.54,CL,1727421557
456,ilha de mocambique,-15.0342,40.7358,26.13,70,0,6.29,MZ,1727421558
457,swift current,50.2834,-107.8014,9.45,76,0,6.69,CA,1727421559
458,xining,36.6167,101.7667,22.11,50,100,1.12,CN,1727421561
459,baharly,38.4362,57.4316,22.34,26,0,2.5,TM,1727421562
460,patterson,37.4716,-121.1297,20.03,76,0,1.43,US,1727421563
461,penalva,-3.2942,-45.1736,22.47,98,30,1.33,BR,1727421565
462,mana,5.6592,-53.7767,25.63,89,27,2.87,GF,1727421566
463,bikenibeu village,1.3673,173.1241,28.98,74,20,2.57,KI,1727421567
464,makokou,0.5738,12.8642,21.15,99,100,1.22,GA,1727421569
465,rakops,-21.0167,24.3333,31.31,10,3,7.28,BW,1727421570
466,virginia beach,36.8529,-75.978,24.04,94,20,3.6,US,1727421571
467,savelugu,9.6244,-0.8253,24.33,92,64,2.18,GH,1727421572
468,totness,5.8833,-56.3167,26.22,85,99,3.92,SR,1727421574
469,queenstown,-31.8976,26.8753,15.79,43,96,2.07,ZA,1727421575
470,luorong,24.4058,109.6086,32.57,50,99,1.54,CN,1727421576
471,mbanza-ngungu,-5.25,14.8667,23.15,69,57,3.57,CD,1727421577
472,fada,9.5667,8.3,22.22,82,100,0.85,NG,1727421579
473,villa gesell,-37.2639,-56.973,4.47,58,0,1.91,AR,1727421338
474,el granada,37.5027,-122.4694,16.94,88,20,3.6,US,1727421581
475,whangarei,-35.7317,174.3239,9.61,88,100,3.05,NZ,1727421308
476,mili,6.0815,171.735,29.09,73,28,3.1,MH,1727421584
477,buala,-8.145,159.5921,27.54,82,100,3.89,SB,1727421585
478,qamdo,31.1667,97.2333,14.67,39,66,2.89,CN,1727421586
479,sokol'skoye,57.1412,43.1589,15.97,45,57,8.91,RU,1727421588
480,argo,37.6333,22.7333,24.32,42,0,0.74,GR,1727421589
481,hwawon,35.8017,128.5008,27.92,61,75,2.06,KR,1727421358
482,naryn,41.4287,75.9911,10.09,74,100,4.5,KG,1727421591
483,vernon,50.2581,-119.2691,16.2,56,100,1.03,CA,1727421593
484,shahrak,34.1074,64.3052,19.57,26,0,2.26,AF,1727421405
485,howrah,22.5892,88.3103,31.0,84,75,6.17,IN,1727421072
486,zavodoukovsk,56.5042,66.5515,13.45,63,100,3.48,RU,1727421597
487,kayangel,8.0823,134.7173,29.28,72,4,3.81,PW,1727421598
488,gaspe,48.8334,-64.4819,13.95,100,100,4.63,CA,1727421599
489,taltal,-25.4,-70.4833,14.37,77,47,0.33,CL,1727421601
490,ghat,24.9647,10.1728,31.42,28,29,2.63,LY,1727421602
491,san agustin de valle fertil,-30.6335,-67.4682,10.14,56,0,1.08,AR,1727421604
492,quimili,-27.6333,-62.4167,11.44,52,0,3.44,AR,1727421605
493,brokopondo,4.75,-55.1667,25.24,88,84,3.08,SR,1727421607
494,bel ombre,-4.6167,55.4167,28.91,79,40,6.69,SC,1727421608
495,solnechnyy,50.7214,136.6319,14.44,60,65,1.58,RU,1727421609
496,cole harbour,44.6724,-63.4751,14.34,95,100,3.13,CA,1727421611
497,axim,4.8699,-2.2405,24.85,88,100,3.01,GH,1727421614
498,sogndal,61.2283,7.1003,4.21,86,0,1.54,NO,1727421615
499,kirkwood,38.5834,-90.4068,19.28,87,100,0.89,US,1727421616
500,kourou,5.1552,-52.6478,23.03,91,73,2.15,GF,1727421618
501,zalingei,12.9096,23.4741,27.88,48,3,0.28,SD,1727421619
502,berd,40.8815,45.3899,13.98,91,100,1.94,AM,1727421620
503,jiujiang,29.7333,115.9833,31.72,49,3,3.21,CN,1727421621
504,ciudad lazaro cardenas,17.9583,-102.2,25.45,95,100,12.95,MX,1727421623
505,saint-georges,12.0564,-61.7485,27.57,83,100,5.33,GD,1727421624
506,homer,59.6425,-151.5483,6.54,93,92,2.84,US,1727421625
507,neryungri,56.6709,124.6491,1.54,99,100,2.03,RU,1727421056
508,liwale,-9.7667,37.9333,27.46,47,6,2.69,TZ,1727421628
509,broome,42.2506,-75.833,15.79,87,100,1.34,US,1727421629
510,myeik,12.4333,98.6,29.56,71,100,0.74,MM,1727421631
511,juan griego,11.0817,-63.9655,26.17,87,78,2.89,VE,1727421632
512,alindao,5.0267,21.2088,25.68,81,79,0.87,CF,1727421633
513,corumba,-19.0092,-57.6533,20.61,72,11,3.76,BR,1727421634
514,kutum,14.2,24.6667,28.08,23,4,3.38,SD,1727421636
515,san martin,-33.081,-68.4681,11.3,36,0,1.78,AR,1727421637
516,la sarre,48.8002,-79.1996,9.54,95,1,1.04,CA,1727421640
517,kill devil hills,36.0307,-75.676,25.01,90,40,3.6,US,1727421641
518,richards bay,-28.783,32.0377,20.73,63,84,5.16,ZA,1727421642
519,kruisfontein,-34.0033,24.7314,17.71,54,0,0.95,ZA,1727421643
520,kerikeri,-35.2268,173.9474,12.17,86,100,2.68,NZ,1727421573
521,mar del plata,-38.0023,-57.5575,6.64,82,0,2.68,AR,1727421646
522,sosnovo-ozerskoye,52.5249,111.5418,8.2,34,100,1.41,RU,1727421647
523,taulaga,-11.0553,-171.0883,25.66,83,100,5.42,AS,1727421650
524,tarko-sale,64.9225,77.785,3.83,59,100,6.36,RU,1727421651
525,borogontsy,62.6683,131.1683,8.22,96,100,2.61,RU,1727421653
526,steinkjer,64.193,11.3851,1.52,83,89,1.41,NO,1727421654
527,salair,54.2312,85.7972,2.78,84,100,2.89,RU,1727421655
528,antsiranana,-12.2787,49.2917,30.42,37,20,6.17,MG,1727421657
529,hadibu,12.65,54.0333,27.38,76,85,5.64,YE,1727421658
530,ponneri,13.3167,80.2,35.61,55,100,3.25,IN,1727421659
531,peterborough,52.5736,-0.2478,10.55,87,100,6.69,GB,1727421660
532,pathein,16.7833,94.7333,32.13,63,42,2.06,MM,1727421662
533,mateur,37.0405,9.6656,24.79,44,14,1.52,TN,1727421663
534,plattling,48.7833,12.8667,15.21,91,86,2.05,DE,1727421665
535,wacheng,33.7833,114.5167,28.65,54,23,6.09,CN,1727421666
536,scarborough,54.2797,-0.4044,10.92,86,100,4.47,GB,1727421602
537,macusani,-14.0833,-70.4333,3.13,98,100,2.17,PE,1727421669
538,songjianghe,42.1859,127.479,18.52,46,0,1.78,CN,1727421670
539,tobruk,32.0836,23.9764,25.57,70,0,4.87,LY,1727421666
540,borba,-4.3878,-59.5939,25.05,71,81,0.14,BR,1727421672
541,twin falls,42.3505,-114.6445,15.94,47,0,3.6,US,1727421674
542,jiuquan,39.7432,98.5174,24.72,22,5,4.56,CN,1727421675
543,camana,-16.6228,-72.7111,15.73,86,70,2.29,PE,1727421676
544,inongo,-1.95,18.2667,21.68,94,100,0.8,CD,1727421678
545,ghadamis,30.1337,9.5007,31.07,34,90,5.46,LY,1727421679
546,arno,60.1167,18.6333,12.66,95,100,2.22,SE,1727421680
547,zapata,26.9073,-99.2714,18.06,88,0,0.0,US,1727421683
548,boujniba,32.9005,-6.7746,17.67,86,38,2.2,MA,1727421684
549,lichuan,30.3,108.85,26.01,46,0,4.84,CN,1727421687
550,galle,6.0367,80.217,28.18,79,63,7.46,LK,1727421077
551,malvan,16.0667,73.4667,27.98,82,100,6.85,IN,1727421690
552,kokshetau,53.2775,69.3883,8.18,76,0,5.0,KZ,1727421691
553,nezhinka,51.7676,55.3694,17.09,36,0,1.0,RU,1727421692
554,al burayqah,30.4062,19.5739,25.38,66,0,3.77,LY,1727421693
555,oranjemund,-28.55,16.4333,14.62,80,100,3.97,NA,1727421695
556,la foa,-21.7108,165.8276,23.89,60,100,1.57,NC,1727421696
557,hiratacho,35.4333,132.8167,27.98,69,40,7.72,JP,1727421697
558,acajutla,13.5928,-89.8275,25.84,87,93,4.09,SV,1727421699
559,coari,-4.085,-63.1414,23.23,87,100,1.3,BR,1727421700
560,draguseni,45.9667,27.75,21.03,52,0,5.6,RO,1727421701
561,hobyo,5.3505,48.5268,28.54,61,100,9.99,SO,1727421703
562,alangudi,10.3606,78.9849,35.72,37,93,2.94,IN,1727421704
563,ellsworth,44.5434,-68.4195,14.38,97,100,0.0,US,1727421705
564,le port,-20.9373,55.2919,25.23,87,40,2.41,RE,1727421706
565,brookings,44.3114,-96.7984,14.65,81,0,3.09,US,1727421708
566,kitimat,54.0524,-128.6534,7.21,64,100,0.45,CA,1727421709
567,isfahan,32.6572,51.6776,24.8,28,0,2.12,IR,1727421711
568,patacamaya,-17.2333,-67.9167,6.01,85,32,3.17,BO,1727421712
569,olutanga,7.3106,122.8464,28.92,69,0,2.73,PH,1727421713
570,dolores,-36.3132,-57.6792,4.89,66,0,1.05,AR,1727421714
571,semikarakorsk,47.5194,40.8112,19.56,39,4,7.26,RU,1727421716
572,jackson,42.4165,-122.8345,14.93,57,0,2.06,US,1727421205
573,oriximina,-1.7656,-55.8661,25.67,67,90,1.19,BR,1727421718
574,prado,-17.3411,-39.2208,21.87,85,0,3.88,BR,1727421720
